{"stats":{"minecraft:mined":{"minecraft:dead_bush":1,"minecraft:sand":1},"minecraft:custom":{"minecraft:time_since_rest":25358,"minecraft:open_chest":3,"minecraft:play_time":26785,"minecraft:sprint_one_cm":6554,"minecraft:deaths":2,"minecraft:damage_taken":20,"minecraft:walk_one_cm":2608,"minecraft:sneak_time":2,"minecraft:walk_under_water_one_cm":239,"minecraft:drop":2,"minecraft:jump":81,"minecraft:leave_game":2,"minecraft:walk_on_water_one_cm":685,"minecraft:time_since_death":25332,"minecraft:total_world_time":26785,"minecraft:fall_one_cm":2821,"minecraft:fly_one_cm":27521},"minecraft:used":{"minecraft:sand":6,"minecraft:chest":1},"minecraft:dropped":{"minecraft:sugar_cane":2},"minecraft:picked_up":{"minecraft:stick":2,"minecraft:sand":1,"minecraft:sugar_cane":4}},"DataVersion":3700}