{"stats":{"minecraft:used":{"minecraft:sand":6,"minecraft:chest":1},"minecraft:dropped":{"minecraft:sugar_cane":2},"minecraft:picked_up":{"minecraft:stick":2,"minecraft:sand":1,"minecraft:sugar_cane":4},"minecraft:mined":{"minecraft:dead_bush":1,"minecraft:sand":1},"minecraft:custom":{"minecraft:time_since_rest":25780,"minecraft:open_chest":3,"minecraft:play_time":27207,"minecraft:sprint_one_cm":7598,"minecraft:deaths":2,"minecraft:damage_taken":20,"minecraft:walk_one_cm":2997,"minecraft:sneak_time":2,"minecraft:walk_under_water_one_cm":239,"minecraft:drop":2,"minecraft:jump":102,"minecraft:leave_game":3,"minecraft:walk_on_water_one_cm":685,"minecraft:time_since_death":25754,"minecraft:total_world_time":27207,"minecraft:fall_one_cm":4191,"minecraft:fly_one_cm":32163}},"DataVersion":3700}